,id,name,country,country_code,abbreviation,week,Year
0,sr:competitor:49363,"Pavic, Mate",Croatia,HRV,PAV,16,2025
1,sr:competitor:51836,"Arevalo-Gonzalez, Marcelo",El Salvador,SLV,ARE,16,2025
2,sr:competitor:14898,"Heliovaara, Harri",Finland,FIN,HEL,16,2025
3,sr:competitor:637970,"Patten, Henry",Great Britain,GBR,PAT,16,2025
4,sr:competitor:87690,"Thompson, Jordan",Australia,AUS,THO,16,2025
5,sr:competitor:95801,"Vavassori, Andrea",Italy,ITA,VAV,16,2025
6,sr:competitor:15310,"Bolelli, Simone",Italy,ITA,BOL,16,2025
7,sr:competitor:36593,"Krawietz, Kevin",Germany,DEU,KRA,16,2025
8,sr:competitor:52293,"Putz, Tim",Germany,DEU,PUT,16,2025
9,sr:competitor:15568,"Granollers, Marcel",Spain,ESP,GRA,16,2025
10,sr:competitor:16160,"Zeballos, Horacio",Argentina,ARG,ZEB,16,2025
11,sr:competitor:124658,"Purcell, Max",Australia,AUS,PUR,16,2025
12,sr:competitor:16608,"Mektic, Nikola",Croatia,HRV,MEK,16,2025
13,sr:competitor:59131,"Glasspool, Lloyd",Great Britain,GBR,GLA,16,2025
14,sr:competitor:108099,"Cash, Julian",Great Britain,GBR,CAS,16,2025
15,sr:competitor:16151,"Venus, Michael",New Zealand,NZL,VEN,16,2025
16,sr:competitor:53785,"Skupski, Neal",Great Britain,GBR,SKU,16,2025
17,sr:competitor:38181,"Molteni, Andres",Argentina,ARG,MOL,16,2025
18,sr:competitor:15548,"Gonzalez, Maximo",Argentina,ARG,GON,16,2025
19,sr:competitor:210736,"Lammons, Nathaniel",USA,USA,LAM,16,2025
20,sr:competitor:55989,"Withrow, Jackson",USA,USA,WIT,16,2025
21,sr:competitor:47834,"Murray, Jamie",Great Britain,GBR,MUR,16,2025
22,sr:competitor:23899,"King, Evan",USA,USA,KIN,16,2025
23,sr:competitor:52202,"Nys, Hugo",Monaco,MCO,NYS,16,2025
24,sr:competitor:52065,"Harrison, Christian",USA,USA,HAR,16,2025
25,sr:competitor:22967,"Bhambri, Yuki",India,IND,BHA,16,2025
26,sr:competitor:106349,"Reboul, Fabien",France,FRA,REB,16,2025
27,sr:competitor:56629,"Peers, John",Australia,AUS,PEE,16,2025
28,sr:competitor:14553,"Ram, Rajeev",USA,USA,RAM,16,2025
29,sr:competitor:206889,"Galloway, Robert",USA,USA,GAL,16,2025
30,sr:competitor:76263,"Matos, Rafael",Brazil,BRA,MAT,16,2025
31,sr:competitor:112805,"Zielinski, Jan",Poland,POL,ZIE,16,2025
32,sr:competitor:74173,"Salisbury, Joe",Great Britain,GBR,SAL,16,2025
33,sr:competitor:14835,"Roger-Vasselin, Edouard",France,FRA,ROG,16,2025
34,sr:competitor:59324,"Pavlasek, Adam",Czechia,CZE,PAV,16,2025
35,sr:competitor:121182,"Guinard, Manuel",France,FRA,GUI,16,2025
36,sr:competitor:106559,"Doumbia, Sadio",France,FRA,DOU,16,2025
37,sr:competitor:16409,"Ebden, Matthew",Australia,AUS,EBD,16,2025
38,sr:competitor:15307,"Bopanna, Rohan",India,IND,BRO,16,2025
39,sr:competitor:45105,"Behar, Ariel",Uruguay,URY,BEH,16,2025
40,sr:competitor:70348,"Goransson, Andre",Sweden,SWE,GOR,16,2025
41,sr:competitor:16124,"Melo, Marcelo",Brazil,BRA,MEL,16,2025
42,sr:competitor:41475,"Arneodo, Romain",Monaco,MCO,ARN,16,2025
43,sr:competitor:230186,"Verbeek, Sem",Netherlands,NLD,VER,16,2025
44,sr:competitor:114831,"Erler, Alexander",Austria,AUT,ERL,16,2025
45,sr:competitor:203681,"Korda, Sebastian",USA,USA,KOR,16,2025
46,sr:competitor:81059,"Gille, Sander",Belgium,BEL,GIL,16,2025
47,sr:competitor:62410,"Johnson, Luke",Great Britain,GBR,JOH,16,2025
48,sr:competitor:15305,"Gonzalez, Santiago",Mexico,MEX,GON,16,2025
49,sr:competitor:66864,"Arends, Sander",Netherlands,NLD,ARE,16,2025
50,sr:competitor:231188,"Frantzen, Constantin",Germany,DEU,FRA,16,2025
51,sr:competitor:108755,"Jebens, Hendrik",Germany,DEU,JEB,16,2025
52,sr:competitor:47966,"Olivetti, Albano",France,FRA,OLI,16,2025
53,sr:competitor:16275,"Dodig, Ivan",Croatia,HRV,DOD,16,2025
54,sr:competitor:47295,"Andreozzi, Guido",Argentina,ARG,AND,16,2025
55,sr:competitor:78793,"Miedler, Lucas",Austria,AUT,MIE,16,2025
56,sr:competitor:127646,"Cabral, Francisco",Portugal,PRT,CAB,16,2025
57,sr:competitor:231090,"Arribage, Theo",France,FRA,ARR,16,2025
58,sr:competitor:104917,"Vliegen, Joran",Belgium,BEL,VLI,16,2025
59,sr:competitor:69362,"Mansouri, Skander",Tunisia,TUN,MAN,16,2025
60,sr:competitor:81763,"Jacq, Gregoire",France,FRA,JAC,16,2025
61,sr:competitor:16823,"Romboli, Fernando",Brazil,BRA,ROM,16,2025
62,sr:competitor:52244,"Balaji, N. Sriram",India,IND,BAL,16,2025
63,sr:competitor:17038,"Smith, John-Patrick",Australia,AUS,SMI,16,2025
64,sr:competitor:15588,"Rojer, Jean-Julien",Netherlands,NLD,ROJ,16,2025
65,sr:competitor:111195,"Luz, Orlando",Brazil,BRA,LUZ,16,2025
66,sr:competitor:48646,"Barrientos, Nicolas",Colombia,COL,BAR,16,2025
67,sr:competitor:112969,"Schnaitter, Jakob",Germany,DEU,SCH,16,2025
68,sr:competitor:936355,"Wallner, Mark",Germany,DEU,WAL,16,2025
69,sr:competitor:152900,"Rikl, Patrik",Czechia,CZE,RIK,16,2025
70,sr:competitor:49306,"Reyes-Varela, Miguel",Mexico,MEX,REY,16,2025
71,sr:competitor:204781,"Nouza, Petr",Czechia,CZE,NOU,16,2025
72,sr:competitor:918463,"Bollipalli, Rithvik Choudary",India,IND,BOL,16,2025
73,sr:competitor:25189,"Krajicek, Austin",USA,USA,KRA,16,2025
74,sr:competitor:52263,"Hidalgo, Diego",Ecuador,ECU,HID,16,2025
75,sr:competitor:838776,"Tracy, James",USA,USA,TRA,16,2025
76,sr:competitor:16198,"Escobar, Gonzalo",Ecuador,ECU,ESC,16,2025
77,sr:competitor:16042,"Haase, Robin",Netherlands,NLD,HAA,16,2025
78,sr:competitor:300540,"Machac, Tomas",Czechia,CZE,MAC,16,2025
79,sr:competitor:63438,"McDonald, Mackenzie",USA,USA,MCD,16,2025
80,sr:competitor:147104,"Romios, Matthew Christopher",Australia,AUS,ROM,16,2025
81,sr:competitor:871495,"Michelsen, Alex",USA,USA,MIC,16,2025
82,sr:competitor:287215,"Seggerman, Ryan",USA,USA,SEG,16,2025
83,sr:competitor:223868,"Matuszewski, Piotr",Poland,POL,MAT,16,2025
84,sr:competitor:393598,"Cash, Robert",USA,USA,CAS,16,2025
85,sr:competitor:104421,"Mies, Andreas",Germany,DEU,MIE,16,2025
86,sr:competitor:52951,"Pel, David",Netherlands,NLD,PEL,16,2025
87,sr:competitor:16043,"Middelkoop, Matwe",Netherlands,NLD,MID,16,2025
88,sr:competitor:75813,"Zhang, Zhizhen",China,CHN,ZHA,16,2025
89,sr:competitor:98413,"Drzewiecki, Karol",Poland,POL,DRZ,16,2025
90,sr:competitor:243522,"Paul, Jakub",Switzerland,CHE,PAU,16,2025
91,sr:competitor:234124,"Stevens, Bart",Netherlands,NLD,STE,16,2025
92,sr:competitor:1020797,"Trhac, Patrik",USA,USA,TRH,16,2025
93,sr:competitor:197678,"Tsitsipas, Petros",Greece,GRC,TSI,16,2025
94,sr:competitor:16573,"Demoliner, Marcelo",Brazil,BRA,DEM,16,2025
95,sr:competitor:125006,"Borges, Nuno",Portugal,PRT,BOR,16,2025
96,sr:competitor:209202,"Chandrasekar, Anirudh",India,IND,CHA,16,2025
97,sr:competitor:77653,"Cornea, Victor",Romania,ROU,COR,16,2025
98,sr:competitor:77223,"Martinez, Pedro",Spain,ESP,MAR,16,2025
99,sr:competitor:25457,"Nedovyesov, Aleksandr",Kazakhstan,KAZ,NED,16,2025
100,sr:competitor:808628,"Shelton, Ben",USA,USA,SHE,16,2025
101,sr:competitor:76361,"Kadhe, Arjun",India,IND,KAD,16,2025
102,sr:competitor:157396,"Veldheer, Mick",Netherlands,NLD,VEL,16,2025
103,sr:competitor:16992,"Willis, Marcus",Great Britain,GBR,WIL,16,2025
104,sr:competitor:73572,"Zormann, Marcelo",Brazil,BRA,ZOR,16,2025
105,sr:competitor:305776,"Soto, Matias",Chile,CHL,SOT,16,2025
106,sr:competitor:121032,"Stalder, Reese",USA,USA,STA,16,2025
107,sr:competitor:60920,"Nedunchezhiyan, Jeevan",India,IND,NED,16,2025
108,sr:competitor:53759,"Prashanth, N. Vijay Sundar",India,IND,PRA,16,2025
109,sr:competitor:450383,"Harper, Cleeve",Canada,CAN,HAR,16,2025
110,sr:competitor:234044,"Kirkov, Vasil",USA,USA,KIR,16,2025
111,sr:competitor:296270,"Stevenson, David",Great Britain,GBR,STE,16,2025
112,sr:competitor:16854,"Molchanov, Denys",Ukraine,UKR,MOL,16,2025
113,sr:competitor:95923,"Paris, Joshua",Great Britain,GBR,PAR,16,2025
114,sr:competitor:50037,"Bortolotti, Marco",Italy,ITA,BOR,16,2025
115,sr:competitor:256001,"Ho, Ray",Chinese Taipei,TPE,RAY,16,2025
116,sr:competitor:102151,"Tabilo, Alejandro",Chile,CHL,TAB,16,2025
117,sr:competitor:299130,"Hijikata, Rinky",Australia,AUS,HIJ,16,2025
118,sr:competitor:141882,"Blancaneaux, Geoffrey",France,FRA,BLA,16,2025
119,sr:competitor:52260,"Vega, David",Spain,ESP,VEG,16,2025
120,sr:competitor:146040,"Gomez, Federico Agustin",Argentina,ARG,GOM,16,2025
121,sr:competitor:25021,"Cervantes, Inigo",Spain,ESP,CER,16,2025
122,sr:competitor:240880,"Hilderbrand, Trey",USA,USA,HIL,16,2025
123,sr:competitor:16492,"Eysseric, Jonathan",France,FRA,EYS,16,2025
124,sr:competitor:548169,"Yuzuki, Takeru",Japan,JPN,YUZ,16,2025
125,sr:competitor:263917,"Draxl, Liam",Canada,CAN,DRA,16,2025
126,sr:competitor:39712,"Saville, Luke",Australia,AUS,SAV,16,2025
127,sr:competitor:126356,"Munar, Jaume",Spain,ESP,MUN,16,2025
128,sr:competitor:111607,"Ingildsen, Johannes",Denmark,DNK,ING,16,2025
129,sr:competitor:163480,"Bublik, Alexander",Kazakhstan,KAZ,BUB,16,2025
130,sr:competitor:534043,"Darderi, Luciano",Italy,ITA,DAR,16,2025
131,sr:competitor:77011,"Martos Gornes, Sergio",Spain,ESP,MAR,16,2025
132,sr:competitor:113889,"Liutarevich, Ivan",Neutral,,LIU,16,2025
133,sr:competitor:35766,"Begemann, Andre",Germany,DEU,BEG,16,2025
134,sr:competitor:145936,"Kaliyanda Poonacha, Niki",India,IND,KAL,16,2025
135,sr:competitor:78387,"Hach Verdugo, Hans",Mexico,MEX,HAC,16,2025
136,sr:competitor:100069,"Sachko, Vitaliy",Ukraine,UKR,SAC,16,2025
137,sr:competitor:297502,"Bayldon, Blake",Australia,AUS,BAY,16,2025
138,sr:competitor:124708,"Cukierman, Daniel",Israel,ISR,CUK,16,2025
139,sr:competitor:25458,"Martinez, Luis David",Venezuela,VEN,MAR,16,2025
140,sr:competitor:119150,"Fancutt, Thomas",Australia,AUS,FAN,16,2025
141,sr:competitor:392066,"Navone, Mariano",Argentina,ARG,NAV,16,2025
142,sr:competitor:112061,"Walkow, Szymon",Poland,POL,WAL,16,2025
143,sr:competitor:42151,"Nam, Ji Sung",Republic of Korea,KOR,NAM,16,2025
144,sr:competitor:72420,"Merino, Alexander",Peru,PER,MER,16,2025
145,sr:competitor:55745,"Negritu, Christoph",Germany,DEU,NEG,16,2025
146,sr:competitor:280601,"Oberleitner, Neil",Austria,AUT,OBE,16,2025
147,sr:competitor:390480,"Watanabe, Seita",Japan,JPN,WAT,16,2025
148,sr:competitor:58877,"Ramanathan, Ramkumar",India,IND,RAM,16,2025
149,sr:competitor:128552,"Popyrin, Alexei",Australia,AUS,POP,16,2025
150,sr:competitor:69910,"Bergevi, Filip",Sweden,SWE,BER,16,2025
151,sr:competitor:145008,"Uesugi, Kaito",Japan,JPN,UES,16,2025
152,sr:competitor:90080,"Khachanov, Karen",Neutral,,KHA,16,2025
153,sr:competitor:113221,"Niklas-Salminen, Patrik",Finland,FIN,NIK,16,2025
154,sr:competitor:380004,"Harper, Patrick",Australia,AUS,HAR,16,2025
155,sr:competitor:44637,"Rodriguez, Cristian",Colombia,COL,ROC,16,2025
156,sr:competitor:98981,"Jecan, Alexandru",Romania,ROU,JEC,16,2025
157,sr:competitor:58989,"Sabanov, Matej",Serbia,SRB,SAB,16,2025
158,sr:competitor:102339,"Van de Zandschulp, Botic",Netherlands,NLD,VAN,16,2025
159,sr:competitor:92845,"Goldhoff, George",USA,USA,GOL,16,2025
160,sr:competitor:110707,"Pichler, David",Austria,AUT,PIC,16,2025
161,sr:competitor:122368,"Griekspoor, Tallon",Netherlands,NLD,GRI,16,2025
162,sr:competitor:297448,"Kiger, Mac",USA,USA,KIG,16,2025
163,sr:competitor:216502,"Broom, Charles",Great Britain,GBR,BRO,16,2025
164,sr:competitor:119140,"Ellis, Blake",Australia,AUS,ELL,16,2025
165,sr:competitor:628218,"Karol, Milos",Slovakia,SVK,KAR,16,2025
166,sr:competitor:44553,"Herbert, Pierre-Hugues",France,FRA,HER,16,2025
167,sr:competitor:108767,"Hassan, Benjamin",Lebanon,LBN,HAS,16,2025
168,sr:competitor:122366,"Tsitsipas, Stefanos",Greece,GRC,TSI,16,2025
169,sr:competitor:84671,"Britto, Luis",Brazil,BRA,BRI,16,2025
170,sr:competitor:195458,"Added, Dan",France,FRA,ADD,16,2025
171,sr:competitor:448357,"Spizzirri, Eliot",USA,USA,SPI,16,2025
172,sr:competitor:59700,"Isaro, Pruchya",Thailand,THA,ISA,16,2025
173,sr:competitor:263865,"Reynolds, Finn",New Zealand,NZL,REY,16,2025
174,sr:competitor:422955,"Sanchez, Luca",France,FRA,SAN,16,2025
175,sr:competitor:204495,"Vocel, Matej",Czechia,CZE,VOC,16,2025
176,sr:competitor:405977,"Schoolkate, Tristan",Australia,AUS,SCH,16,2025
177,sr:competitor:15809,"Martin, Fabrice",France,FRA,MAR,16,2025
178,sr:competitor:155860,"Lock, Courtney John",Zimbabwe,ZWE,LOC,16,2025
179,sr:competitor:295508,"Vrbensky, Michael",Czechia,CZE,VRB,16,2025
180,sr:competitor:106395,"Ricca, Giorgio",Italy,ITA,RIC,16,2025
181,sr:competitor:99377,"Kestelboim, Mariano",Argentina,ARG,KES,16,2025
182,sr:competitor:530317,"Rincon, Daniel",Spain,ESP,RIN,16,2025
183,sr:competitor:94485,"Bonzi, Benjamin",France,FRA,BON,16,2025
184,sr:competitor:37637,"Zeballos, Federico",Bolivia,BOL,ZEB,16,2025
185,sr:competitor:54609,"Arias, Boris",Bolivia,BOL,ARI,16,2025
186,sr:competitor:82579,"Uchida, Kaichi",Japan,JPN,UCH,16,2025
187,sr:competitor:396126,"Barnat, Jiri",Czechia,CZE,BAR,16,2025
188,sr:competitor:289021,"Charlton, Joshua",Australia,AUS,CHA,16,2025
189,sr:competitor:671637,"Fils, Arthur",France,FRA,FIL,16,2025
190,sr:competitor:99043,"Wang, Aoran",China,CHN,WAN,16,2025
191,sr:competitor:96859,"Lock, Benjamin",Zimbabwe,ZWE,LOC,16,2025
192,sr:competitor:310972,"Banthia, Siddhant",India,IND,BAN,16,2025
193,sr:competitor:55293,"Sabanov, Ivan",Serbia,SRB,SAB,16,2025
194,sr:competitor:221556,"Alves, Mateus",Brazil,BRA,ALV,16,2025
195,sr:competitor:218344,"Lawson, Alex",USA,USA,LAW,16,2025
196,sr:competitor:43319,"Duran, Guillermo",Argentina,ARG,DUR,16,2025
197,sr:competitor:227358,"Walton, Adam",Australia,AUS,WAL,16,2025
198,sr:competitor:250231,"Shimizu, Yuta",Japan,JPN,SHI,16,2025
199,sr:competitor:163538,"Donski, Alexander",Bulgaria,BGR,DON,16,2025
200,sr:competitor:64920,"Myneni, Saketh",India,IND,MYN,16,2025
201,sr:competitor:85877,"Villanueva, Gonzalo",Argentina,ARG,VIL,16,2025
202,sr:competitor:49417,"Tu, Li",Australia,AUS,TUL,16,2025
203,sr:competitor:352776,"Draper, Jack",Great Britain,GBR,DRA,16,2025
204,sr:competitor:89632,"Jarry, Nicolas",Chile,CHL,JAR,16,2025
205,sr:competitor:169496,"Etcheverry, Tomas Martin",Argentina,ARG,ETC,16,2025
206,sr:competitor:163540,"Hermans, Mats",Netherlands,NLD,HER,16,2025
207,sr:competitor:342826,"Trotter, James Kent",Japan,JPN,TRO,16,2025
208,sr:competitor:853643,"Romano, Filippo",Italy,ITA,ROM,16,2025
209,sr:competitor:50148,"Puttergill, Calum",Australia,AUS,PUT,16,2025
210,sr:competitor:233144,"Duda, Filip",Czechia,CZE,DUD,16,2025
211,sr:competitor:161448,"Jones, Ben",Great Britain,GBR,JON,16,2025
212,sr:competitor:723013,"Pokorny, Lukas",Slovakia,SVK,POK,16,2025
213,sr:competitor:880089,"Pereira, Tiago",Portugal,PRT,PER,16,2025
214,sr:competitor:163438,"Sun, Fajing",China,CHN,SUN,16,2025
215,sr:competitor:339377,"Lehecka, Jiri",Czechia,CZE,LEH,16,2025
216,sr:competitor:46391,"Struff, Jan-Lennard",Germany,DEU,STR,16,2025
217,sr:competitor:348308,"Sheehy, Joshua",USA,USA,SHE,16,2025
218,sr:competitor:539343,"Kym, Jerome",Switzerland,CHE,KYM,16,2025
219,sr:competitor:193930,"Sigouin, Benjamin",Canada,CAN,SIG,16,2025
220,sr:competitor:79223,"Delaney, Jake",Australia,AUS,DEL,16,2025
221,sr:competitor:161868,"Huertas Del Pino, Connor",Peru,PER,HUE,16,2025
222,sr:competitor:15275,"Matsui, Toshihide",Japan,JPN,MAT,16,2025
223,sr:competitor:395828,"Saraiva Dos Santos, Paulo Andre",Brazil,BRA,SAR,16,2025
224,sr:competitor:124930,"Safiullin, Roman",Neutral,,SAF,16,2025
225,sr:competitor:399637,"Cobolli, Flavio",Italy,ITA,COB,16,2025
226,sr:competitor:257721,"Baez, Sebastian",Argentina,ARG,BAE,16,2025
227,sr:competitor:255595,"Cerundolo, Francisco",Argentina,ARG,CER,16,2025
228,sr:competitor:169492,"Aboian, Leonardo",Argentina,ARG,ABO,16,2025
229,sr:competitor:251091,"Noguchi, Rio",Japan,JPN,NOG,16,2025
230,sr:competitor:120956,"Alcantara, Francis Casey",Philippines,PHL,ALC,16,2025
231,sr:competitor:38180,"Mena, Facundo",Argentina,ARG,MEN,16,2025
232,sr:competitor:132558,"Kolar, Zdenek",Czechia,CZE,KOL,16,2025
233,sr:competitor:136042,"Fritz, Taylor",USA,USA,FRI,16,2025
234,sr:competitor:428657,"Shelbayh, Abdullah",Jordan,JOR,SHE,16,2025
235,sr:competitor:77501,"Wehnelt, Kai",Germany,DEU,WEH,16,2025
236,sr:competitor:96629,"Duncan, Scott",Great Britain,GBR,DUN,16,2025
237,sr:competitor:212004,"Rodionov, Jurij",Austria,AUT,ROD,16,2025
238,sr:competitor:284801,"Boyer, Tristan",USA,USA,BOY,16,2025
239,sr:competitor:496346,"Stricker, Dominic",Switzerland,CHE,STR,16,2025
240,sr:competitor:214824,"Aguilar, Juan Carlos",Canada,CAN,AGU,16,2025
241,sr:competitor:498580,"Aboian, Valerio",Argentina,ARG,ABO,16,2025
242,sr:competitor:51974,"Daniell, Marcus",New Zealand,NZL,DAN,16,2025
243,sr:competitor:284805,"Nava, Emilio",USA,USA,NAV,16,2025
244,sr:competitor:552469,"Agafonov, Egor",Neutral,,AGA,16,2025
245,sr:competitor:379924,"Whiting, Tennyson",USA,USA,WHI,16,2025
246,sr:competitor:154740,"Delaney, Jesse",Australia,AUS,DEL,16,2025
247,sr:competitor:294300,"Nakashima, Brandon",USA,USA,NAK,16,2025
248,sr:competitor:145108,"Bertola, Remy",Switzerland,CHE,BER,16,2025
249,sr:competitor:308834,"Schachter, Noah",USA,USA,SCH,16,2025
250,sr:competitor:180104,"Reymond, Arthur",France,FRA,REY,16,2025
251,sr:competitor:686709,"Simakin, Ilia",Neutral,,SIM,16,2025
252,sr:competitor:51304,"Stevenson, Kelsey",Canada,CAN,STE,16,2025
253,sr:competitor:206879,"Eubanks, Christopher",USA,USA,EUB,16,2025
254,sr:competitor:57163,"Zverev, Alexander",Germany,DEU,ZVE,16,2025
255,sr:competitor:450283,"Mpetshi Perricard, Giovanni",France,FRA,MPE,16,2025
256,sr:competitor:373852,"Zink, Tyler",USA,USA,ZIN,16,2025
257,sr:competitor:927343,"Cadenasso, Gianluca",Italy,ITA,CAD,16,2025
258,sr:competitor:126622,Ruehl. Tim,Germany,DEU,RUE,16,2025
259,sr:competitor:168420,"Andrade, Andres",Ecuador,ECU,AND,16,2025
260,sr:competitor:973963,"Watt, James",New Zealand,NZL,WAT,16,2025
261,sr:competitor:48225,"Dutra Da Silva, Daniel",Brazil,BRA,DUT,16,2025
262,sr:competitor:731833,"Kielan, Szymon",Poland,POL,KIE,16,2025
263,sr:competitor:208123,"Maginley, Jody",Antigua and Barbuda,ATG,MAG,16,2025
264,sr:competitor:156664,"TE, Rigele",China,CHN,RIG,16,2025
265,sr:competitor:505542,"Grevelius, Erik",Sweden,SWE,GRE,16,2025
266,sr:competitor:412829,"Matsuda, Ryuki",Japan,JPN,MAT,16,2025
267,sr:competitor:145112,"Huesler, Marc-Andrea",Switzerland,CHE,HUE,16,2025
268,sr:competitor:121668,"Meligeni Alves, Felipe",Brazil,BRA,MEL,16,2025
269,sr:competitor:437794,"Heinonen, Adam",Sweden,SWE,HEI,16,2025
270,sr:competitor:322589,"Pujol Navarro, Bruno",Spain,ESP,PUJ,16,2025
271,sr:competitor:53483,"Masur, Daniel",Germany,DEU,MAS,16,2025
272,sr:competitor:614090,"Pieczonka, Filip",Poland,POL,PIE,16,2025
273,sr:competitor:130398,"Kecmanovic, Miomir",Serbia,SRB,KEC,16,2025
274,sr:competitor:126402,"Denolly, Corentin",France,FRA,DEN,16,2025
275,sr:competitor:79227,"Sinclair, Colin",Northern Mariana Islands,MNP,SIN,16,2025
276,sr:competitor:217192,"Ouakaa, Aziz",Tunisia,TUN,OUA,16,2025
277,sr:competitor:739643,"Loof, Thijmen",Netherlands,NLD,LOO,16,2025
278,sr:competitor:130436,"Habib, Hady",Lebanon,LBN,HAB,16,2025
279,sr:competitor:774476,"Debru, Gabriel",France,FRA,DEB,16,2025
280,sr:competitor:121122,"Freund, Simon",Sweden,SWE,FRE,16,2025
281,sr:competitor:220588,"Hsu, Yu Hsiou",Chinese Taipei,TPE,HSU,16,2025
282,sr:competitor:60614,"Poljak, David",Czechia,CZE,POL,16,2025
283,sr:competitor:381022,"Wendelken, Harry",Great Britain,GBR,WEN,16,2025
284,sr:competitor:96535,"Virgili, Augusto",Italy,ITA,VIR,16,2025
285,sr:competitor:452787,"Kumar, Pranav",USA,USA,KUM,16,2025
286,sr:competitor:154570,"Orlov, Vladyslav",Ukraine,UKR,ORL,16,2025
287,sr:competitor:154490,"Pearson, Kody",Australia,AUS,PEA,16,2025
288,sr:competitor:207777,"Imamura, Masamichi",Japan,JPN,IMA,16,2025
289,sr:competitor:682913,"Rocha, Henrique",Portugal,PRT,ROC,16,2025
290,sr:competitor:645452,"Nesterov, Pyotr",Bulgaria,BGR,NES,16,2025
291,sr:competitor:398360,"Urrea, Andres",Colombia,COL,URR,16,2025
292,sr:competitor:185434,"Rodriguez Taverna, Santiago",Argentina,ARG,ROD,16,2025
293,sr:competitor:378220,"Huertas Del Pino Cordova, Arklon",Peru,PER,HUE,16,2025
294,sr:competitor:47975,"Hanfmann, Yannick",Germany,DEU,HAN,16,2025
295,sr:competitor:129368,"Koepfer, Dominik",Germany,DEU,KOE,16,2025
296,sr:competitor:15931,"Brown, Dustin",Jamaica,JAM,BRO,16,2025
297,sr:competitor:161220,"Pavel, Bogdan",Romania,ROU,PAV,16,2025
298,sr:competitor:809324,"Pacheco Mendez, Rodrigo",Mexico,MEX,PAC,16,2025
299,sr:competitor:645442,"Genov, Anthony",Bulgaria,BGR,GEN,16,2025
300,sr:competitor:47760,"Weissborn, Tristan-Samuel",Austria,AUT,WEI,16,2025
301,sr:competitor:95939,"Whitehouse, Mark",Great Britain,GBR,WHI,16,2025
302,sr:competitor:310974,"De Jong, Jesper",Netherlands,NLD,DEJ,16,2025
303,sr:competitor:145122,"Martineau, Matteo",France,FRA,MAR,16,2025
304,sr:competitor:759900,"Lanik, Tomas",Slovakia,SVK,LAN,16,2025
305,sr:competitor:84301,"Reese, Hunter",USA,USA,REE,16,2025
306,sr:competitor:124934,"Lomakin, Grigoriy",Kazakhstan,KAZ,LOM,16,2025
307,sr:competitor:49172,"Dzumhur, Damir",Bosnia & Herzegovina,BIH,DZU,16,2025
308,sr:competitor:439474,"Jermar, Jan",Czechia,CZE,JER,16,2025
309,sr:competitor:113905,"Moreno de Alboran, Nicolas",USA,USA,MAN,16,2025
310,sr:competitor:407791,"Mackinlay, James",Great Britain,GBR,MAC,16,2025
311,sr:competitor:223788,"Stepanov, Roy",Israel,ISR,STE,16,2025
312,sr:competitor:202735,"Carou, Ignacio",Uruguay,URY,CAR,16,2025
313,sr:competitor:603098,"Fery, Arthur",Great Britain,GBR,FER,16,2025
314,sr:competitor:121248,"Roveri Sidney, Gabriel",Brazil,BRA,ROV,16,2025
315,sr:competitor:244388,"Kalyanpur, Adil",India,IND,KAL,16,2025
316,sr:competitor:193912,"Dev, S D Prajwal",India,IND,DEV,16,2025
317,sr:competitor:93597,"Pellegrino, Andrea",Italy,ITA,PEL,16,2025
318,sr:competitor:287543,"Hulme, Matt",Australia,AUS,HUL,16,2025
319,sr:competitor:82133,"Dellien, Murkel",Bolivia,BOL,DEV,16,2025
320,sr:competitor:220590,"Huang, Tsung-Hao",Chinese Taipei,TPE,HUA,16,2025
321,sr:competitor:67154,"Barrere, Gregoire",France,FRA,BAR,16,2025
322,sr:competitor:124656,"Vukic, Aleksandar",Australia,AUS,VUK,16,2025
323,sr:competitor:686911,"Poljicak, Mili",Croatia,HRV,POL,16,2025
324,sr:competitor:447733,"Hands, Tom",Great Britain,GBR,HAN,16,2025
325,sr:competitor:240264,"Reis Da Silva, Joao Lucas",Brazil,BRA,REI,16,2025
326,sr:competitor:272245,"Latinovic, Stefan",Serbia,SRB,LAT,16,2025
327,sr:competitor:305558,"Roncadelli, Franco",Uruguay,URY,RON,16,2025
328,sr:competitor:83397,"Ofner, Sebastian",Austria,AUT,OFN,16,2025
329,sr:competitor:14508,"Mahut, Nicolas",France,FRA,MAH,16,2025
330,sr:competitor:458575,"Agostini, Simone",Italy,ITA,AGO,16,2025
331,sr:competitor:138712,"Oradini, Giovanni",Italy,ITA,ORA,16,2025
332,sr:competitor:303808,"Nijboer, Ryan",Netherlands,NLD,NIJ,16,2025
333,sr:competitor:17359,"Oswald, Philipp",Austria,AUT,OSW,16,2025
334,sr:competitor:286367,"Krutykh, Oleksii",Ukraine,UKR,KRU,16,2025
335,sr:competitor:976405,"Taguchi, Ryotaro",Japan,JPN,TAG,16,2025
336,sr:competitor:457059,"Montes-de la Torre, Inaki",Spain,ESP,MON,16,2025
337,sr:competitor:196672,"Davis, James",Great Britain,GBR,DAV,16,2025
338,sr:competitor:54903,"Karlovskiy, Evgeny",Neutral,,KAR,16,2025
339,sr:competitor:750283,"Isomura, Kokoro",Japan,JPN,ISO,16,2025
340,sr:competitor:202681,"Marrero Curbelo, Ivan",Spain,ESP,MAR,16,2025
341,sr:competitor:112783,"Berrettini, Matteo",Italy,ITA,BER,16,2025
342,sr:competitor:57703,"Pouille, Lucas",France,FRA,POU,16,2025
343,sr:competitor:163504,"Medvedev, Daniil",Neutral,,MED,16,2025
344,sr:competitor:225050,"Sinner, Jannik",Italy,ITA,SIN,16,2025
345,sr:competitor:104847,"Sonego, Lorenzo",Italy,ITA,SON,16,2025
346,sr:competitor:214182,"de Minaur, Alex",Australia,AUS,DE,16,2025
347,sr:competitor:682911,"Faria, Jaime",Portugal,PRT,FAR,16,2025
348,sr:competitor:103625,"Geerts, Michael",Belgium,BEL,GEE,16,2025
349,sr:competitor:182086,"Bass, Finn",Great Britain,GBR,BAS,16,2025
350,sr:competitor:452691,"Araujo, Pedro",Portugal,PRT,ARA,16,2025
351,sr:competitor:435758,"Vanshelboim, Eric",Ukraine,UKR,VAN,16,2025
352,sr:competitor:49663,"Escoffier, Antoine",France,FRA,ESC,16,2025
353,sr:competitor:226124,"Holmgren, August",Denmark,DNK,HOL,16,2025
354,sr:competitor:130442,"Rai, Ajeet",New Zealand,NZL,RAI,16,2025
355,sr:competitor:90798,"Halys, Quentin",France,FRA,HAL,16,2025
356,sr:competitor:681071,"Ganta, Sai Karteek Reddy",India,IND,GAN,16,2025
357,sr:competitor:387066,"Forejtek, Jonas",Czechia,CZE,FOR,16,2025
358,sr:competitor:515510,"Heide, Gustavo",Brazil,BRA,HEI,16,2025
359,sr:competitor:362982,"Barreiros Reyes, Mateo",Brazil,BRA,BAR,16,2025
360,sr:competitor:55787,"Olivo, Renzo",Argentina,ARG,OLI,16,2025
361,sr:competitor:205767,"Cretu, Cezar (2001)",Romania,ROU,CRE,16,2025
362,sr:competitor:620338,"Sharipov, Marat",Neutral,,SHA,16,2025
363,sr:competitor:947875,"Zhou, Yi",China,CHN,ZHO,16,2025
364,sr:competitor:359608,"Maestrelli, Francesco",Italy,ITA,MAE,16,2025
365,sr:competitor:437734,"Shin, Woobin",Republic of Korea,KOR,SHI,16,2025
366,sr:competitor:16852,"Uzhylovskyi, Volodoymyr",Ukraine,UKR,UZV,16,2025
367,sr:competitor:679701,"Gueymard Wayenburg, Sascha",France,FRA,GUE,16,2025
368,sr:competitor:873679,"Bondioli, Federico",Italy,ITA,BON,16,2025
369,sr:competitor:80665,"Polmans, Marc",Australia,AUS,POL,16,2025
370,sr:competitor:65606,"Agamenone, Franco",Italy,ITA,AGA,16,2025
371,sr:competitor:215778,"Izquierdo Luque, Rafael",Spain,ESP,IZQ,16,2025
372,sr:competitor:312436,"Hudd, Emile",Great Britain,GBR,HUD,16,2025
373,sr:competitor:312728,"Stewart, Hamish",Great Britain,GBR,STE,16,2025
374,sr:competitor:229024,"Zahraj, Patrick",Germany,DEU,ZAH,16,2025
375,sr:competitor:286541,"Zhukayev, Beibit",Kazakhstan,KAZ,ZHU,16,2025
376,sr:competitor:111609,"Barroso Campos, Alberto",Spain,ESP,BAR,16,2025
377,sr:competitor:861549,"Vavassori, Matteo",Italy,ITA,VAV,16,2025
378,sr:competitor:134602,"Perez, Alfredo",USA,USA,PER,16,2025
379,sr:competitor:116616,"Clarke, Jay",Great Britain,GBR,CLA,16,2025
380,sr:competitor:767058,"Lobanov, Aleksandr",Neutral,,LOB,16,2025
381,sr:competitor:418163,"Perfetti, Noah",Italy,ITA,PER,16,2025
382,sr:competitor:564952,"Kusuhara, Yusuke",Japan,JPN,KUS,16,2025
383,sr:competitor:644676,"Milev, Yanaki",Bulgaria,BGR,MIL,16,2025
384,sr:competitor:96239,"Durasovic, Viktor",Norway,NOR,DUR,16,2025
385,sr:competitor:538457,"Chopra, Keshav",USA,USA,CHO,16,2025
386,sr:competitor:763108,"Mensik, Jakub",Czechia,CZE,MEN,16,2025
387,sr:competitor:185388,"Humbert, Ugo",France,FRA,HUM,16,2025
388,sr:competitor:106755,"Rublev, Andrey",Neutral,,RUB,16,2025
389,sr:competitor:252233,"Tang, Sheng",China,CHN,TAN,16,2025
390,sr:competitor:272273,"Mansilla Diez, Mario",Spain,ESP,MAN,16,2025
391,sr:competitor:565070,"Monday, Johannus",Great Britain,GBR,MON,16,2025
392,sr:competitor:210502,"Kopp, Sandro",Austria,AUT,KOP,16,2025
393,sr:competitor:118166,"Bakshi, Aleksandre",Georgia,GEO,BAK,16,2025
394,sr:competitor:215492,"Cui, Jie",China,CHN,CUI,16,2025
395,sr:competitor:269535,"Potenza, Luca",Italy,ITA,POT,16,2025
396,sr:competitor:385204,"Verbin, Pavel",Neutral,,VER,16,2025
397,sr:competitor:217038,"Seeman, Johannes",Estonia,EST,SEE,16,2025
398,sr:competitor:655845,"Quinn, Ethan",USA,USA,QUI,16,2025
399,sr:competitor:16781,"Sharan, Divij",India,IND,SHA,16,2025
400,sr:competitor:298118,"Summers, Matthew",Great Britain,GBR,SUM,16,2025
401,sr:competitor:156826,"van Wyk, Kris",South Africa,ZAF,VAN,16,2025
402,sr:competitor:321667,"Mayot, Harold",France,FRA,MAY,16,2025
403,sr:competitor:855911,"Hrazdil, Jan",Czechia,CZE,HRA,16,2025
404,sr:competitor:280559,"Catini, Niccolo",Italy,ITA,CAT,16,2025
405,sr:competitor:785974,"La Serna, Juan Manuel",Argentina,ARG,LA,16,2025
406,sr:competitor:497320,"Visker, Niels",Netherlands,NLD,VIS,16,2025
407,sr:competitor:405969,"Paulson, Andrew",Czechia,CZE,PAU,16,2025
408,sr:competitor:134610,"Blumberg, William",USA,USA,BLU,16,2025
409,sr:competitor:763106,"Barton, Hynek",Czechia,CZE,BAR,16,2025
410,sr:competitor:52276,"Krueger, Mitchell",USA,USA,KRU,16,2025
411,sr:competitor:501410,"Hignett, Liam",Great Britain,GBR,HIG,16,2025
412,sr:competitor:345060,"Kingsley, Cannon",USA,USA,KIN,16,2025
413,sr:competitor:761136,"Basel, Valentin",Argentina,ARG,BAS,16,2025
414,sr:competitor:138528,"Mejia, Nicolas",Colombia,COL,MEJ,16,2025
415,sr:competitor:256375,"Jeong, Yeongseok",Republic of Korea,KOR,JEO,16,2025
416,sr:competitor:163636,"Klein, Lukas",Slovakia,SVK,KLE,16,2025
417,sr:competitor:57021,"Kovalik, Jozef",Slovakia,SVK,KOV,16,2025
418,sr:competitor:54573,"Coria, Federico",Argentina,ARG,COR,16,2025
419,sr:competitor:99587,"Chung, Yun Seong",Republic of Korea,KOR,CHU,16,2025
420,sr:competitor:759758,"Sakellaridis, Dimitris",Greece,GRC,SAK,16,2025
421,sr:competitor:74441,"Couacaud, Enzo",France,FRA,COU,16,2025
422,sr:competitor:215696,"Schell, Niklas",Germany,DEU,SCH,16,2025
423,sr:competitor:503814,"Mochizuki, Shintaro",Japan,JPN,MOC,16,2025
424,sr:competitor:404753,"Saritas, Gokberk",Turkiye,TUR,SAR,16,2025
425,sr:competitor:938667,"Schwaerzler, Joel",Austria,AUT,SCH,16,2025
426,sr:competitor:49548,"Manafov, Vladyslav",Ukraine,UKR,MAN,16,2025
427,sr:competitor:15743,"Istomin, Denis",Uzbekistan,UZB,IST,16,2025
428,sr:competitor:1025093,"Bianchi, Juan Jose",Venezuela,VEN,BIA,16,2025
429,sr:competitor:115239,"Kaukovalta, Patrick",Finland,FIN,KAU,16,2025
430,sr:competitor:263857,"De Krom, Michiel",Netherlands,NLD,DE,16,2025
431,sr:competitor:220932,"Shin, Sanhui",Republic of Korea,KOR,SHI,16,2025
432,sr:competitor:210526,"Kopriva, Vit",Czechia,CZE,KOP,16,2025
433,sr:competitor:524256,"Beckley, Alec",South Africa,ZAF,BEC,16,2025
434,sr:competitor:246745,"Tajima, Naoki",Japan,JPN,TAJ,16,2025
435,sr:competitor:269523,"Bax, Florent",France,FRA,BAX,16,2025
436,sr:competitor:54975,"Casanova, Hernan",Argentina,ARG,CAS,16,2025
437,sr:competitor:390486,"Farjat, Tomas",Argentina,ARG,FAR,16,2025
438,sr:competitor:273883,"Rocha, Francisco",Portugal,PRT,ROC,16,2025
439,sr:competitor:739641,"Collignon, Raphael",Belgium,BEL,COL,16,2025
440,sr:competitor:56361,"Sels, Jelle",Netherlands,NLD,SEL,16,2025
441,sr:competitor:177686,"Barranco Cosano, Javier",Spain,ESP,BAR,16,2025
442,sr:competitor:406397,"Woodall, William",USA,USA,WOO,16,2025
443,sr:competitor:186629,"Kirkin, Ergi",Turkiye,TUR,KIR,16,2025
444,sr:competitor:675167,"Javia, Dev",India,IND,JAV,16,2025
445,sr:competitor:376372,"Perez, Brandon",Venezuela,VEN,PER,16,2025
446,sr:competitor:266711,"Pavlovic, Luka",France,FRA,PAV,16,2025
447,sr:competitor:114885,"Nikles, Johan",Switzerland,CHE,NIK,16,2025
448,sr:competitor:283965,"Suresh, Dhakshineswar",India,IND,SUR,16,2025
449,sr:competitor:342822,"Ichikawa, Taisei",Japan,JPN,ICH,16,2025
450,sr:competitor:837590,"Arutiunian, Erik",Belarus,BLR,ARU,16,2025
451,sr:competitor:160104,"Vance, Jamie",USA,USA,VAN,16,2025
452,sr:competitor:88992,"Muller, Alexandre",France,FRA,MUL,16,2025
453,sr:competitor:682903,"Nakagawa, Shunsuke",Japan,JPN,NAK,16,2025
454,sr:competitor:570833,"Rodriguez Rodriguez, Johan Alexander",Colombia,COL,ROD,16,2025
455,sr:competitor:210636,"Poling, Karl",USA,USA,POL,16,2025
456,sr:competitor:297608,"Hazawa, Shinji",Japan,JPN,HAZ,16,2025
457,sr:competitor:181384,"Sinha, Nitin Kumar",India,IND,SIN,16,2025
458,sr:competitor:322729,"Bueno Gil, Alvaro",Spain,ESP,BUE,16,2025
459,sr:competitor:132834,"Barrios Vera, Marcelo Tomas",Chile,CHL,BAR,16,2025
460,sr:competitor:241710,"Kikuchi, Yuta",Japan,JPN,KIK,16,2025
461,sr:competitor:137890,"Vale, Duarte",Portugal,PRT,VAL,16,2025
462,sr:competitor:418167,"Garcian, Axel",France,FRA,GAR,16,2025
463,sr:competitor:209356,"Moreno, Daniel",Mexico,MEX,MOR,16,2025
464,sr:competitor:307112,"Erel, Yanki",Turkiye,TUR,ERE,16,2025
465,sr:competitor:165234,"Vasa, Eero",Finland,FIN,VAS,16,2025
466,sr:competitor:783794,"Singh, Karan (IND)",India,IND,SIN,16,2025
467,sr:competitor:369572,"Boulais, Justin",Canada,CAN,BOU,16,2025
468,sr:competitor:224936,"Nanda, Govind",USA,USA,NAN,16,2025
469,sr:competitor:46259,"Neuchrist, Maximilian",Austria,AUT,NEU,16,2025
470,sr:competitor:833418,"Del Pino, Mateo",Argentina,ARG,DEL,16,2025
471,sr:competitor:341218,"Colson, Tibo",Belgium,BEL,COL,16,2025
472,sr:competitor:50901,"Popko, Dmitry",Kazakhstan,KAZ,POP,16,2025
473,sr:competitor:389078,"Lalami Laaroussi, Younes",Morocco,MAR,LAL,16,2025
474,sr:competitor:294248,"Hellum Lilleengen, Lukas",Norway,NOR,HEL,16,2025
475,sr:competitor:76251,"Bobrov, Bogdan",Neutral,,BOB,16,2025
476,sr:competitor:256481,"Marques, Diogo",Portugal,PRT,MAR,16,2025
477,sr:competitor:194668,"Wenger, Damien",Switzerland,CHE,WEN,16,2025
478,sr:competitor:51100,"Roca Batalla, Oriol",Spain,ESP,ROC,16,2025
479,sr:competitor:100317,"Turker, Mert Naci",Turkiye,TUR,TUR,16,2025
480,sr:competitor:684577,"Muller, Rik",Netherlands,NLD,MUL,16,2025
481,sr:competitor:920395,"Shah, Aryan",India,IND,SHA,16,2025
482,sr:competitor:997473,"Bernet, Henry",Switzerland,CHE,BER,16,2025
483,sr:competitor:801374,"Gea, Arthur",France,FRA,GEA,16,2025
484,sr:competitor:107483,"Monzon, Ignacio",Argentina,ARG,MON,16,2025
485,sr:competitor:199196,"Sanchez Izquierdo, Nikolas",Spain,ESP,SAI,16,2025
486,sr:competitor:317355,"Somani, Parikshit",India,IND,SOM,16,2025
487,sr:competitor:403357,"Thayne, Wally",USA,USA,THA,16,2025
488,sr:competitor:282183,"Rottoli, Lorenzo",Italy,ITA,ROT,16,2025
489,sr:competitor:260947,"Falabella, Lautaro Agustin",Argentina,ARG,FAL,16,2025
490,sr:competitor:990785,"Zheng, Zhan",China,CHN,ZHE,16,2025
491,sr:competitor:50360,"Margaroli, Luca",Switzerland,CHE,MAR,16,2025
492,sr:competitor:622876,"Vallejo, Adolfo Daniel",Paraguay,PRY,VAL,16,2025
493,sr:competitor:283451,"Rodriguez, Lorenzo Joaquin",Argentina,ARG,ROD,16,2025
494,sr:competitor:609146,"Okonkwo, Oliver",Great Britain,GBR,OKO,16,2025
495,sr:competitor:14882,"Djokovic, Novak",Serbia,SRB,DJO,16,2025
496,sr:competitor:39711,"Duckworth, James",Australia,AUS,DUC,16,2025
497,sr:competitor:423131,"Picchione, Andrea",Italy,ITA,PIC,16,2025
498,sr:competitor:170964,"Bittoun Kouzmine, Constantin",France,FRA,BIT,16,2025
499,sr:competitor:47767,"Lamasine, Tristan",France,FRA,LAM,16,2025
500,sr:competitor:72376,"Siniakova, Katerina",Czechia,CZE,SIN,16,2025
501,sr:competitor:51387,"Townsend, Taylor",USA,USA,TOW,16,2025
502,sr:competitor:74949,"Routliffe, Erin",New Zealand,NZL,ROU,16,2025
503,sr:competitor:64496,"Ostapenko, Jelena",Latvia,LVA,OST,16,2025
504,sr:competitor:43860,"Dabrowski, Gabriela",Canada,CAN,DAB,16,2025
505,sr:competitor:19202,"Errani, Sara",Italy,ITA,ERR,16,2025
506,sr:competitor:69208,"Paolini, Jasmine",Italy,ITA,PAO,16,2025
507,sr:competitor:19932,"Muhammad, Asia",USA,USA,MUH,16,2025
508,sr:competitor:41520,"Kichenok, Lyudmyla",Ukraine,UKR,KIC,16,2025
509,sr:competitor:18936,"Hsieh, Su-Wei",Chinese Taipei,TPE,HSI,16,2025
510,sr:competitor:19607,"Zhang, Shuai",China,CHN,ZHA,16,2025
511,sr:competitor:588071,"Shnaider, Diana",Neutral,,SHN,16,2025
512,sr:competitor:64021,"Krawczyk, Desirae",USA,USA,KRA,16,2025
513,sr:competitor:48625,"Chan, Hao-Ching",Chinese Taipei,TPE,CHA,16,2025
514,sr:competitor:66968,"Kudermetova, Veronika",Neutral,,KUD,16,2025
515,sr:competitor:47810,"Khromacheva, Irina",Neutral,,KHR,16,2025
516,sr:competitor:123824,"Dolehide, Caroline",USA,USA,DOL,16,2025
517,sr:competitor:69718,"Danilina, Anna",Kazakhstan,KAZ,DAN,16,2025
518,sr:competitor:871583,"Andreeva, Mirra",Neutral,,AND,16,2025
519,sr:competitor:119670,"Perez, Ellen",Australia,AUS,PER,16,2025
520,sr:competitor:99131,"Bucsa, Cristina",Spain,ESP,BUC,16,2025
521,sr:competitor:37508,"Siegemund, Laura",Germany,DEU,SIE,16,2025
522,sr:competitor:46084,"Melichar-Martinez, Nicole",USA,USA,MEL,16,2025
523,sr:competitor:33593,"Mladenovic, Kristina",France,FRA,MLA,16,2025
524,sr:competitor:373352,"Gauff, Coco",USA,USA,GAU,16,2025
525,sr:competitor:50537,"Schuurs, Demi",Netherlands,NLD,SCH,16,2025
526,sr:competitor:24431,"Panova, Alexandra",Neutral,,PAN,16,2025
527,sr:competitor:150122,"Jiang, Xinyu",China,CHN,JIA,16,2025
528,sr:competitor:66432,"Kato, Miyu",Japan,JPN,KAT,16,2025
529,sr:competitor:182178,"Wu, Fang-Hsien",Chinese Taipei,TPE,FAN,16,2025
530,sr:competitor:129714,"Nicholls, Olivia",Great Britain,GBR,NIC,16,2025
531,sr:competitor:78551,"Mertens, Elise",Belgium,BEL,MER,16,2025
532,sr:competitor:289507,"Fernandez, Leylah Annie",Canada,CAN,FER,16,2025
533,sr:competitor:142996,"Mihalikova, Tereza",Slovakia,SVK,MIH,16,2025
534,sr:competitor:43102,"Babos, Timea",Hungary,HUN,BAB,16,2025
535,sr:competitor:18354,"Mattek-Sands, Bethanie",USA,USA,MAT,16,2025
536,sr:competitor:91960,"Kenin, Sofia",USA,USA,KEN,16,2025
537,sr:competitor:96075,"Stefani, Luisa",Brazil,BRA,STE,16,2025
538,sr:competitor:166124,"Olmos, Giuliana",Mexico,MEX,OLM,16,2025
539,sr:competitor:60392,"Sorribes Tormo, Sara",Spain,ESP,SOR,16,2025
540,sr:competitor:19655,"Niculescu, Monica",Romania,ROU,NIC,16,2025
541,sr:competitor:51481,"Sutjiadi, Aldila",Indonesia,IDN,SUT,16,2025
542,sr:competitor:272217,"Wang, Xinyu",China,CHN,WAN,16,2025
543,sr:competitor:60398,"Krejcikova, Barbora",Czechia,CZE,KRE,16,2025
544,sr:competitor:19974,"Xu, Yifan",China,CHN,YIF,16,2025
545,sr:competitor:153652,"Guo, Hanyu",China,CHN,GUO,16,2025
546,sr:competitor:47801,"Eikeri, Ulrikke",Norway,NOR,EIK,16,2025
547,sr:competitor:103901,"Ruse, Elena-Gabriela",Romania,ROU,RUS,16,2025
548,sr:competitor:49682,"Kichenok, Nadiia",Ukraine,UKR,KIC,16,2025
549,sr:competitor:19731,"Piter, Katarzyna",Poland,POL,PIT,16,2025
550,sr:competitor:70784,"Hozumi, Eri",Japan,JPN,HOZ,16,2025
551,sr:competitor:157672,"Stollar, Fanny",Hungary,HUN,STO,16,2025
552,sr:competitor:47697,"Zheng, Saisai",China,CHN,ZHE,16,2025
553,sr:competitor:59702,"Haddad Maia, Beatriz",Brazil,BRA,HAD,16,2025
554,sr:competitor:43547,"Aoyama, Shuko",Japan,JPN,AOY,16,2025
555,sr:competitor:128584,"Samsonova, Liudmila",Neutral,,SAM,16,2025
556,sr:competitor:278887,"Kostyuk, Marta",Ukraine,UKR,KOS,16,2025
557,sr:competitor:138452,"Shibahara, Ena",Japan,JPN,SHI,16,2025
558,sr:competitor:61606,"Sizikova, Yana",Neutral,,SIZ,16,2025
559,sr:competitor:60668,"Ninomiya, Makoto",Japan,JPN,NIN,16,2025
560,sr:competitor:44834,"Pegula, Jessica",USA,USA,PEG,16,2025
561,sr:competitor:53789,"Dart, Harriet",Great Britain,GBR,DAR,16,2025
562,sr:competitor:135854,"Neel, Ingrid",Estonia,EST,NEE,16,2025
563,sr:competitor:41877,"Yuan, Yue",China,CHN,YUA,16,2025
564,sr:competitor:88310,"Sherif Ahmed Abdelaziz, Maiar",Egypt,EGY,SHE,16,2025
565,sr:competitor:360038,"Stearns, Peyton",USA,USA,STE,16,2025
566,sr:competitor:215476,"Siskova, Anna",Czechia,CZE,SIS,16,2025
567,sr:competitor:52695,"Moratelli, Angelica",Italy,ITA,MOR,16,2025
568,sr:competitor:69602,"Lumsden, Maia",Great Britain,GBR,LUM,16,2025
569,sr:competitor:194106,"Tang, Qianhui",China,CHN,TAN,16,2025
570,sr:competitor:252223,"Rakhimova, Kamilla",Neutral,,RAK,16,2025
571,sr:competitor:37504,"Kalashnikova, Oksana",Georgia,GEO,KAL,16,2025
572,sr:competitor:45915,"Yang, Zhaoxuan",China,CHN,YAN,16,2025
573,sr:competitor:67759,"Alexandrova, Ekaterina",Neutral,,ALE,16,2025
574,sr:competitor:45545,"Putintseva, Yulia",Kazakhstan,KAZ,PUT,16,2025
575,sr:competitor:105463,"Bouzkova, Marie",Czechia,CZE,BOU,16,2025
576,sr:competitor:48451,"Cavalle-Reimers, Yvonne",Spain,ESP,CAV,16,2025
577,sr:competitor:168526,"Appleton, Emily",Great Britain,GBR,APP,16,2025
578,sr:competitor:44977,"Santamaria, Sabrina",USA,USA,SAN,16,2025
579,sr:competitor:173748,"Detiuc, Anastasia",Czechia,CZE,DET,16,2025
580,sr:competitor:73542,"Gleason, Quinn",USA,USA,GLE,16,2025
581,sr:competitor:401055,"Noskova, Linda",Czechia,CZE,NOS,16,2025
582,sr:competitor:192130,"Blinkova, Anna",Neutral,,BLI,16,2025
583,sr:competitor:234150,"Potapova, Anastasia",Neutral,,POT,16,2025
584,sr:competitor:121760,"Anshba, Amina",Neutral,,ANS,16,2025
585,sr:competitor:179146,"Kalinskaya, Anna",Neutral,,KAL,16,2025
586,sr:competitor:52025,"Wang, Yafan",China,CHN,WAN,16,2025
587,sr:competitor:71754,"Martins, Ingrid",Brazil,BRA,MAR,16,2025
588,sr:competitor:108621,"Kempen, Magali",Belgium,BEL,KEM,16,2025
589,sr:competitor:799304,"Pridankina, Elena",Neutral,,PRI,16,2025
590,sr:competitor:182054,"Skoch, Miriam",Czechia,CZE,SKO,16,2025
591,sr:competitor:54175,"Zimmermann, Kimberley",Belgium,BEL,ZIM,16,2025
592,sr:competitor:41524,"Krunic, Aleksandra",Serbia,SRB,KA,16,2025
593,sr:competitor:72450,"Hibino, Nao",Japan,JPN,HIB,16,2025
594,sr:competitor:42289,"Linette, Magda",Poland,POL,LIN,16,2025
595,sr:competitor:418583,"Haverlag, Isabelle",Netherlands,NLD,HAV,16,2025
596,sr:competitor:111189,"Zarazua, Renata",Mexico,MEX,ZAR,16,2025
597,sr:competitor:318195,"Parry, Diane",France,FRA,PAR,16,2025
598,sr:competitor:210558,"Jorge, Francisca",Portugal,PRT,JOR,16,2025
599,sr:competitor:51651,"Rosatello, Camilla",Italy,ITA,ROS,16,2025
600,sr:competitor:18298,"Zvonareva, Vera",Neutral,,ZVO,16,2025
601,sr:competitor:41404,"Watson, Heather",Great Britain,GBR,WAT,16,2025
602,sr:competitor:227486,"Zantedeschi, Aurora",Italy,ITA,ZAN,16,2025
603,sr:competitor:286435,"Gadecki, Olivia",Australia,AUS,GAD,16,2025
604,sr:competitor:235260,"Chwalinska, Maja",Poland,POL,CHW,16,2025
605,sr:competitor:453301,"Jorge, Matilde",Portugal,PRT,JOR,16,2025
606,sr:competitor:143140,"Aney, Jessie",USA,USA,ANE,16,2025
607,sr:competitor:51943,"Strakhova, Valeriya",Ukraine,UKR,STR,16,2025
608,sr:competitor:64085,"Pigossi, Laura",Brazil,BRA,PIG,16,2025
609,sr:competitor:215598,"Vedder, Eva",Netherlands,NLD,VED,16,2025
610,sr:competitor:549759,"Krueger, Ashlyn",USA,USA,KRU,16,2025
611,sr:competitor:378340,"Corley, Carmen",USA,USA,COR,16,2025
612,sr:competitor:49907,"Murray Sharan, Samantha",Great Britain,GBR,MUS,16,2025
613,sr:competitor:72758,"Cristian, Jaqueline",Romania,ROU,CRI,16,2025
614,sr:competitor:628178,"Brooks, Madeleine",Great Britain,GBR,BRO,16,2025
615,sr:competitor:335171,"Uchijima, Moyuka",Japan,JPN,UCH,16,2025
616,sr:competitor:161270,"Salden, Lara",Belgium,BEL,SAL,16,2025
617,sr:competitor:345070,"Arseneault, Ariana",Canada,CAN,ARS,16,2025
618,sr:competitor:19546,"Pavlyuchenkova, Anastasia",Neutral,,PAV,16,2025
619,sr:competitor:87090,"Chong, Eudice","Hong Kong, China",HKG,CHO,16,2025
620,sr:competitor:262759,"Wang, Xiyu",China,CHN,WAN,16,2025
621,sr:competitor:53288,"Silva, Eden",Great Britain,GBR,SIL,16,2025
622,sr:competitor:303814,"Tikhonova, Anastasia",Neutral,,TIK,16,2025
623,sr:competitor:473609,"Kubka, Martyna",Poland,POL,KUB,16,2025
624,sr:competitor:19847,"Rus, Arantxa",Netherlands,NLD,RUS,16,2025
625,sr:competitor:120666,"Stojanovic, Nina",Serbia,SRB,STO,16,2025
626,sr:competitor:67430,"Cascino, Estelle",France,FRA,CAS,16,2025
627,sr:competitor:46428,"Maleckova, Jesika",Czechia,CZE,MAL,16,2025
628,sr:competitor:150574,"Bondar, Anna",Hungary,HUN,BON,16,2025
629,sr:competitor:98607,"Chang, Sophie",USA,USA,CHA,16,2025
630,sr:competitor:297588,"Romero Gormaz, Leyre",Spain,ESP,ROM,16,2025
631,sr:competitor:23158,"Stephens, Sloane",USA,USA,STE,16,2025
632,sr:competitor:319455,"Baptiste, Hailey",USA,USA,BAP,16,2025
633,sr:competitor:115507,"Bolsova, Aliona",Spain,ESP,BOL,16,2025
634,sr:competitor:42492,"Kawa, Katarzyna",Poland,POL,KAW,16,2025
635,sr:competitor:92879,"Shymanovich, Iryna",Neutral,,SHY,16,2025
636,sr:competitor:148276,"Zheng, Wushuang",China,CHN,ZHE,16,2025
637,sr:competitor:228418,"Navarro, Emma",USA,USA,NAV,16,2025
638,sr:competitor:61526,"Thombare, Prarthana",India,IND,THO,16,2025
639,sr:competitor:242602,"McNally, Catherine",USA,USA,MCC,16,2025
640,sr:competitor:771430,"Naef, Celine",Switzerland,CHE,NAE,16,2025
641,sr:competitor:133662,"Badosa, Paula",Spain,ESP,BAD,16,2025
642,sr:competitor:118096,"Papadakis, Lena",Germany,DEU,PAP,16,2025
643,sr:competitor:137990,"Failla, Jessica",USA,USA,FAI,16,2025
644,sr:competitor:147506,"Fourlis, Jaimee",Australia,AUS,FOU,16,2025
645,sr:competitor:373354,"Cocciaretto, Elisabetta",Italy,ITA,COC,16,2025
646,sr:competitor:256447,"Monnet, Carole",France,FRA,MON,16,2025
647,sr:competitor:99429,"Hule, Petra",Australia,AUS,HUL,16,2025
648,sr:competitor:50915,"Plipuech, Peangtarn",Thailand,THA,PLI,16,2025
649,sr:competitor:92877,"Fossa Huergo, Nicole",Italy,ITA,FOS,16,2025
650,sr:competitor:119216,"Herrero Linana, Alicia",Spain,ESP,HER,16,2025
651,sr:competitor:52183,"Bara, Irina Maria",Romania,ROU,BARA,16,2025
652,sr:competitor:867519,"Tsao, Chia Yi",Chinese Taipei,TPE,TSA,16,2025
653,sr:competitor:227390,"Brancaccio, Nuria",Italy,ITA,BRA,16,2025
654,sr:competitor:776340,"Joint, Maya",Australia,AUS,JOI,16,2025
655,sr:competitor:137932,"Mikulskyte, Justina",Lithuania,LTU,MIK,16,2025
656,sr:competitor:325837,"Sakellaridi, Sapfo",Greece,GRC,SAK,16,2025
657,sr:competitor:448121,"Rogers, Anna",USA,USA,ROG,16,2025
658,sr:competitor:143146,"Smith, Alana",USA,USA,SMI,16,2025
659,sr:competitor:256547,"Parks, Alycia",USA,USA,PAR,16,2025
660,sr:competitor:369524,"Erjavec, Veronika",Slovenia,SVN,ERJ,16,2025
661,sr:competitor:189384,"Kulambayeva, Zhibek",Kazakhstan,KAZ,KUL,16,2025
662,sr:competitor:102637,"McAdoo, Rasheeda",USA,USA,MCA,16,2025
663,sr:competitor:71284,"Bains, Naiktha",Great Britain,GBR,BAI,16,2025
664,sr:competitor:45827,"Lechemia, Elixane",France,FRA,LEC,16,2025
665,sr:competitor:203893,"Kucmova, Aneta",Czechia,CZE,KUC,16,2025
666,sr:competitor:160190,"Hartono, Arianne",Netherlands,NLD,HAR,16,2025
667,sr:competitor:46528,"Perrin, Conny",Switzerland,CHE,PER,16,2025
668,sr:competitor:65610,"Wagner, Anita",Bosnia & Herzegovina,BIH,WAG,16,2025
669,sr:competitor:195408,"Shimizu, Ayano",Japan,JPN,SHI,16,2025
670,sr:competitor:448081,"Noha Akugue, Noma",Germany,DEU,NOH,16,2025
671,sr:competitor:245295,"Waltert, Simona",Switzerland,CHE,WAL,16,2025
672,sr:competitor:87834,"Hon, Priscilla",Australia,AUS,HON,16,2025
673,sr:competitor:287769,"Kessler, McCartney",USA,USA,KES,16,2025
674,sr:competitor:183957,"Kobori, Momoko",Japan,JPN,KOB,16,2025
675,sr:competitor:569013,"Fernandez, Bianca Jolie",Canada,CAN,FER,16,2025
676,sr:competitor:235252,"Kozyreva, Maria",Neutral,,KOZ,16,2025
677,sr:competitor:91916,"Grey, Sarah Beth",Great Britain,GBR,GRE,16,2025
678,sr:competitor:676251,"Wuerth, Tara",Croatia,HRV,WUR,16,2025
679,sr:competitor:206995,"Rosca, Christina",USA,USA,ROS,16,2025
680,sr:competitor:805538,"Cross, Kayla",Canada,CAN,CRO,16,2025
681,sr:competitor:45139,"Papamichail, Despina",Greece,GRC,PAP,16,2025
682,sr:competitor:208125,"Liang, En-Shuo",Chinese Taipei,TPE,LIA,16,2025
683,sr:competitor:245673,"Feng, Shuo",China,CHN,FEN,16,2025
684,sr:competitor:141892,"Carle, Maria",Argentina,ARG,CAR,16,2025
685,sr:competitor:242630,"Osorio, Camila",Colombia,COL,OSO,16,2025
686,sr:competitor:41359,"Yashina, Ekaterina",Neutral,,YAS,16,2025
687,sr:competitor:215806,"Hewitt, Dalayna",USA,USA,HEW,16,2025
688,sr:competitor:250285,"Falkowska, Weronika",Poland,POL,FAL,16,2025
689,sr:competitor:156040,"Cho, I-Hsuan",Chinese Taipei,TPE,CHO,16,2025
690,sr:competitor:210670,"Cho, Yi Tsen",Chinese Taipei,TPE,CHO,16,2025
691,sr:competitor:608348,"Kupres, Mia",Canada,CAN,KUP,16,2025
692,sr:competitor:46650,"Kolb, Nadia",Ukraine,UKR,KOL,16,2025
693,sr:competitor:97031,"Christofi, Eleni",Greece,GRC,CHR,16,2025
694,sr:competitor:119874,"Ibbou, Ines",Algeria,DZA,IBB,16,2025
695,sr:competitor:170880,"Kononova, Maria",Neutral,,KON,16,2025
696,sr:competitor:105099,"Birrell, Kimberly",Australia,AUS,BIR,16,2025
697,sr:competitor:93657,"Karamoko, Naima",Switzerland,CHE,KAR,16,2025
698,sr:competitor:59762,"Barnett, Alicia",Great Britain,GBR,BAR,16,2025
699,sr:competitor:353358,"Tran, Lian",Netherlands,NLD,TRA,16,2025
700,sr:competitor:110055,"Bronzetti, Lucia",Italy,ITA,BRO,16,2025
701,sr:competitor:70728,"Bhosale, Rutuja",India,IND,BHO,16,2025
702,sr:competitor:64315,"Kuwata, Hiroko",Japan,JPN,KUW,16,2025
703,sr:competitor:568715,"Semenistaja, Darja",Latvia,LVA,SEM,16,2025
704,sr:competitor:675189,"Preston, Taylah",Australia,AUS,PRE,16,2025
705,sr:competitor:46625,"Raina, Ankita",India,IND,RAI,16,2025
706,sr:competitor:378144,"Karatancheva, Lia",Bulgaria,BGR,KAR,16,2025
707,sr:competitor:226306,"Corley, Ivana",USA,USA,COR,16,2025
708,sr:competitor:79443,"Cabrera, Lizette",Australia,AUS,CAB,16,2025
709,sr:competitor:329535,"Tauson, Clara",Denmark,DNK,TAU,16,2025
710,sr:competitor:290994,"Wong, Hong Yi Cody","Hong Kong, China",HKG,WON,16,2025
711,sr:competitor:904005,"Ibragimova, Alevtina",Neutral,,IBR,16,2025
712,sr:competitor:310984,"Sato, Naho",Japan,JPN,SAT,16,2025
713,sr:competitor:414533,"Abbagnato, Anastasia",Italy,ITA,ABB,16,2025
714,sr:competitor:244216,"Giavara, Haley",USA,USA,GIA,16,2025
715,sr:competitor:23688,"Moore, Tara",Great Britain,GBR,MOO,16,2025
716,sr:competitor:47948,"Rosolska, Alicja",Poland,POL,ROS,16,2025
717,sr:competitor:153748,"Jones, Makenna",USA,USA,JON,16,2025
718,sr:competitor:505998,"Zamarripa, Maribella",USA,USA,ZAM,16,2025
719,sr:competitor:80427,"Osborne, Alexandra",Australia,AUS,OSB,16,2025
720,sr:competitor:789688,"Ngounoue, Clervie",USA,USA,NGO,16,2025
721,sr:competitor:51315,"Anderson, Robin",USA,USA,AND,16,2025
722,sr:competitor:190882,"Aiava, Destanee",Australia,AUS,AIA,16,2025
723,sr:competitor:67194,"Kolb, Maryna",Ukraine,UKR,KOL,16,2025
724,sr:competitor:48486,"Gorgodze, Ekaterine",Georgia,GEO,GOR,16,2025
725,sr:competitor:119410,"Krywoj, Melany Solange",Argentina,ARG,KRY,16,2025
726,sr:competitor:75825,"Bektas, Emina",USA,USA,BEK,16,2025
727,sr:competitor:41737,"Jang, Su Jeong",Republic of Korea,KOR,JAN,16,2025
728,sr:competitor:152106,"Zaar, Lisa",Sweden,SWE,ZAA,16,2025
729,sr:competitor:49118,"Harrison, Catherine",USA,USA,HAR,16,2025
730,sr:competitor:496316,"Gimbrere, Jasmijn",Netherlands,NLD,GIM,16,2025
731,sr:competitor:448613,"Falkner, Ziva",Slovenia,SVN,FAL,16,2025
732,sr:competitor:731427,"Micic, Elena",Australia,AUS,MIC,16,2025
733,sr:competitor:26120,"Marino, Rebecca",Canada,CAN,MAR,16,2025
734,sr:competitor:385206,"Radisic, Nika",Slovenia,SVN,RAD,16,2025
735,sr:competitor:88494,"Christie, Freya",Great Britain,GBR,CHR,16,2025
736,sr:competitor:52489,"Schoofs, Bibiane",Netherlands,NLD,SCH,16,2025
737,sr:competitor:82609,"Grammatikopoulou, Valentini",Greece,GRC,GRA,16,2025
738,sr:competitor:55401,"Jabeur, Ons",Tunisia,TUN,JAB,16,2025
739,sr:competitor:662615,"Salkova, Dominika",Czechia,CZE,SAL,16,2025
740,sr:competitor:59213,"Perez Garcia, Maria Paulina",Colombia,COL,PER,16,2025
741,sr:competitor:233478,"Bayerlova, Michaela",Czechia,CZE,BAY,16,2025
742,sr:competitor:289093,"Belgraver, Julie",France,FRA,BEL,16,2025
743,sr:competitor:868599,"McDonald, Ella",Great Britain,GBR,MCD,16,2025
744,sr:competitor:152804,"Vondrousova, Marketa",Czechia,CZE,VON,16,2025
745,sr:competitor:807358,"Rakotomanga Rajaonah, Tiantsoa Sarah",France,FRA,RAK,16,2025
746,sr:competitor:337813,"Riera, Julia",Argentina,ARG,RIE,16,2025
747,sr:competitor:282597,"Park, Sohyun",Republic of Korea,KOR,PAR,16,2025
748,sr:competitor:870981,"Li, Yu-Yun",Chinese Taipei,TPE,YU-,16,2025
749,sr:competitor:432605,"Makarova, Ekaterina",Neutral,,MAK,16,2025
750,sr:competitor:222546,"Kuzmova, Katarina",Slovakia,SVK,KUZ,16,2025
751,sr:competitor:260987,"Osuigwe, Whitney",USA,USA,OSU,16,2025
752,sr:competitor:445209,"Xiao, Zhenghua",China,CHN,XIA,16,2025
753,sr:competitor:762762,"Seidel, Ella",Germany,DEU,SEI,16,2025
754,sr:competitor:341216,"Charaeva, Alina",Neutral,,CHA,16,2025
755,sr:competitor:52533,"Jakupovic, Dalila",Slovenia,SVN,JAK,16,2025
756,sr:competitor:172590,"Burrage, Jodie",Great Britain,GBR,BUR,16,2025
757,sr:competitor:447703,"Sato, Hikaru",Japan,JPN,SAT,16,2025
758,sr:competitor:517274,"Rajecki, Amelia",Great Britain,GBR,RAJ,16,2025
759,sr:competitor:1017327,"Samson, Laura",Czechia,CZE,SAM,16,2025
760,sr:competitor:47985,"Marcinkevica, Diana",Latvia,LVA,MAR,16,2025
761,sr:competitor:73500,"Loeb, Jamie",USA,USA,LOE,16,2025
762,sr:competitor:416473,"Reyngold, Ekaterina",Neutral,,REY,16,2025
763,sr:competitor:406199,"Jacquemot, Elsa",France,FRA,JAC,16,2025
764,sr:competitor:132412,"Fita Boluda, Angela",Spain,ESP,FIT,16,2025
765,sr:competitor:181062,"Kung, Leonie",Switzerland,CHE,KUN,16,2025
766,sr:competitor:763112,"Struplova, Julie",Czechia,CZE,STR,16,2025
767,sr:competitor:315663,"Barry, Monique",New Zealand,NZL,BAR,16,2025
768,sr:competitor:60028,"Zeballos Melgar, Noelia",Bolivia,BOL,ZEM,16,2025
769,sr:competitor:731441,"Vargova, Nina",Slovakia,SVK,VAR,16,2025
770,sr:competitor:192572,"Portillo Ramirez, Maria Jose",Mexico,MEX,POR,16,2025
771,sr:competitor:49963,"Omae, Akiko",Japan,JPN,OMA,16,2025
772,sr:competitor:198498,"Hutchinson, Holly",Great Britain,GBR,HUT,16,2025
773,sr:competitor:90664,"Kalinina, Anhelina",Ukraine,UKR,KAL,16,2025
774,sr:competitor:499098,"Ito, Aoi",Japan,JPN,ITO,16,2025
775,sr:competitor:70822,"Morisaki, Kanako",Japan,JPN,MOR,16,2025
776,sr:competitor:842594,"Li, Zongyu",China,CHN,ZON,16,2025
777,sr:competitor:673491,"Szabo, Briana",Romania,ROU,SZA,16,2025
778,sr:competitor:265553,"Naito, Yuki",Japan,JPN,NAI,16,2025
779,sr:competitor:409673,"Zelnickova, Radka",Slovakia,SVK,ZEL,16,2025
780,sr:competitor:18588,"Safarova, Lucie",Czechia,CZE,SAF,16,2025
781,sr:competitor:104929,"Tona, Miriana",Italy,ITA,TON,16,2025
782,sr:competitor:41374,"Tomova, Viktoriya",Bulgaria,BGR,TOM,16,2025
783,sr:competitor:59662,"Sanchez, Ana Sofia",Mexico,MEX,SAN,16,2025
784,sr:competitor:202363,"Sun, Lulu",New Zealand,NZL,SUN,16,2025
785,sr:competitor:78785,"Rodriguez, Victoria",Mexico,MEX,ROD,16,2025
786,sr:competitor:234398,"Nahimana, Sada",Burundi,BDI,NAH,16,2025
787,sr:competitor:496378,"Yamazaki, Ikumi",Japan,JPN,YAM,16,2025
788,sr:competitor:283489,"Imamura, Saki",Japan,JPN,IMA,16,2025
789,sr:competitor:845268,"Korneeva, Alina",Neutral,,KOR,16,2025
790,sr:competitor:343066,"Hosogi, Sakura",Japan,JPN,HOS,16,2025
791,sr:competitor:534045,"Gibson, Talia",Australia,AUS,GIB,16,2025
792,sr:competitor:812502,"Xu, Mingge",Great Britain,GBR,MIN,16,2025
793,sr:competitor:355958,"Visscher, Stephanie Judith",Netherlands,NLD,VIS,16,2025
794,sr:competitor:343294,"Kubanova, Karolina",Czechia,CZE,KUB,16,2025
795,sr:competitor:61922,"Drazic, Mariana",Croatia,HRV,DRA,16,2025
796,sr:competitor:755469,"Todoni, Anca Alexia",Romania,ROU,TOD,16,2025
797,sr:competitor:282057,"Guo, Meiqi",China,CHN,GUO,16,2025
798,sr:competitor:510530,"Abe, Hiromi",Japan,JPN,ABE,16,2025
799,sr:competitor:67757,"Pera, Bernarda",USA,USA,PER,16,2025
800,sr:competitor:63238,"Morderger, Yana",Germany,DEU,MOR,16,2025
801,sr:competitor:62924,"Boulter, Katie",Great Britain,GBR,BOU,16,2025
802,sr:competitor:70970,"Bhatia, Riya",India,IND,BHA,16,2025
803,sr:competitor:63220,"Ponchet, Jessika",France,FRA,PON,16,2025
804,sr:competitor:395740,"Bhamidipaty, Shrivalli Rashmikaa",India,IND,BHA,16,2025
805,sr:competitor:223862,"Laboutkova, Aneta",Czechia,CZE,LAB,16,2025
806,sr:competitor:54397,"Tig, Patricia Maria",Romania,ROU,TIG,16,2025
807,sr:competitor:142942,"Bozovic, Alexandra",Australia,AUS,BOZ,16,2025
808,sr:competitor:278943,"Lansere, Sofya",Neutral,,LAN,16,2025
809,sr:competitor:194690,"Mateas, Maria",USA,USA,MAT,16,2025
810,sr:competitor:292540,"Matsuda, Misaki",Japan,JPN,MAT,16,2025
811,sr:competitor:37638,"Sema, Erika",Japan,JPN,SEM,16,2025
812,sr:competitor:810694,"Okuwaki, Rinon",Japan,JPN,OKU,16,2025
813,sr:competitor:165866,"Miyazaki, Yuriko Lily",Great Britain,GBR,MIY,16,2025
814,sr:competitor:246945,"Da Silva Fick, Gabriella",Australia,AUS,DA,16,2025
815,sr:competitor:99405,"Inglis, Maddison",Australia,AUS,ING,16,2025
816,sr:competitor:194572,"Dartron, Emeline",France,FRA,DAR,16,2025
817,sr:competitor:42339,"Garcia, Caroline",France,FRA,GAR,16,2025
818,sr:competitor:129534,"Hruncakova, Viktoria",Slovakia,SVK,HRU,16,2025
819,sr:competitor:86894,"Shinde, Vasanti",India,IND,SHI,16,2025
820,sr:competitor:45902,"Sasnovich, Aliaksandra",Neutral,,SAS,16,2025
821,sr:competitor:226092,"Shimizu, Eri",Japan,JPN,SHI,16,2025
822,sr:competitor:209716,"Mansouri, Yasmine",France,FRA,MAN,16,2025
823,sr:competitor:213144,"Lemaitre, Tiphanie",France,FRA,LEM,16,2025
824,sr:competitor:567285,"Hietaranta, Laura",Finland,FIN,HIE,16,2025
825,sr:competitor:436690,"Tkacheva, Mariia",Neutral,,TKA,16,2025
826,sr:competitor:849533,"Lin, Fang An",Chinese Taipei,TPE,LIN,16,2025
827,sr:competitor:233266,"Ovcharenko, Ekaterina",Neutral,,OVC,16,2025
828,sr:competitor:54983,"Morderger, Tayisiya",Germany,DEU,MOR,16,2025
829,sr:competitor:337811,"Ortenzi, Jazmin",Argentina,ARG,ORT,16,2025
830,sr:competitor:936009,"van Emst, Sarah",Netherlands,NLD,VAN,16,2025
831,sr:competitor:110299,"Zidansek, Tamara",Slovenia,SVN,ZID,16,2025
832,sr:competitor:285629,"Hindova, Denisa",Czechia,CZE,HIN,16,2025
833,sr:competitor:45835,"Hunter, Storm",Australia,AUS,HUN,16,2025
834,sr:competitor:201105,"Yuan, Chengyiyi",China,CHN,YUA,16,2025
835,sr:competitor:137948,"Chang, Hanna",USA,USA,CHA,16,2025
836,sr:competitor:403329,"Toth, Amarissa Kiara",Hungary,HUN,TOT,16,2025
837,sr:competitor:813490,"Hobgarski, Katharina",Germany,DEU,HOB,16,2025
838,sr:competitor:154806,"Laskutova, Ksenia",Russia,RUS,LAS,16,2025
839,sr:competitor:345134,"Lee, Ya-Hsin",Chinese Taipei,TPE,LEE,16,2025
840,sr:competitor:136372,"Parnaby, Alana",Australia,AUS,PAR,16,2025
841,sr:competitor:329009,"Ryser, Valentina",Switzerland,CHE,RYS,16,2025
842,sr:competitor:624838,"Shi, Han",China,CHN,SHI,16,2025
843,sr:competitor:122668,"Daniel, Jaeda",USA,USA,DAN,16,2025
844,sr:competitor:58053,"Sharma, Astra",Australia,AUS,SHA,16,2025
845,sr:competitor:282219,"Sakatsume, Himeno",Japan,JPN,SAK,16,2025
846,sr:competitor:102191,"Aksu, Ayla",Turkiye,TUR,AKS,16,2025
847,sr:competitor:110803,"Minnen, Greet",Belgium,BEL,MIN,16,2025
848,sr:competitor:896765,"Ishii, Sayaka",Japan,JPN,ISH,16,2025
849,sr:competitor:513582,"Chaudhari, Vaidehi",India,IND,CHA,16,2025
850,sr:competitor:107327,"In-Albon, Ylena",Switzerland,CHE,IN-,16,2025
851,sr:competitor:801396,"Gureva, Anastasiia",Neutral,,GUR,16,2025
852,sr:competitor:330689,"Kovapitukted, Punnin",Thailand,THA,KOV,16,2025
853,sr:competitor:254553,"Nagy, Adrienn",Hungary,HUN,NAG,16,2025
854,sr:competitor:138654,"Duerst, Jenny",Switzerland,CHE,DUE,16,2025
855,sr:competitor:750327,"Iatcenko, Polina",Neutral,,IAT,16,2025
856,sr:competitor:380368,"Sebestova, Ivana",Czechia,CZE,SEB,16,2025
857,sr:competitor:1020177,"Huang, Yujia",China,CHN,HUA,16,2025
858,sr:competitor:435794,"Zolotareva, Anastasia",Neutral,,ZOL,16,2025
859,sr:competitor:586739,"Ambrosio, Silvia",Italy,ITA,AMB,16,2025
860,sr:competitor:152762,"Kuczer, Daria",Poland,POL,KUC,16,2025
861,sr:competitor:98523,"Ye, Qiu Yu",China,CHN,QIU,16,2025
862,sr:competitor:319349,"Rouvroy, Margaux",France,FRA,ROU,16,2025
863,sr:competitor:341112,"Zakharova, Anastasia",Neutral,,ZAK,16,2025
864,sr:competitor:262023,"Wang, Meiling",China,CHN,WAN,16,2025
865,sr:competitor:745799,"Urgesi, Federica",Italy,ITA,URG,16,2025
866,sr:competitor:164852,"Okalova, Martina",Slovakia,SVK,OKA,16,2025
867,sr:competitor:158636,"Prisacariu, Andreea",Romania,ROU,PRI,16,2025
868,sr:competitor:87078,"Hourigan, Paige Mary",New Zealand,NZL,HOU,16,2025
869,sr:competitor:348196,"Amariei, Ilinca Dalina",Romania,ROU,AMA,16,2025
870,sr:competitor:20158,"Webley-Smith, Emily",Great Britain,GBR,WEB,16,2025
871,sr:competitor:210716,"Lamens, Suzan",Netherlands,NLD,LAM,16,2025
872,sr:competitor:751899,"Brace, Cadence",Canada,CAN,BRA,16,2025
873,sr:competitor:25822,"Shapatava, Sofia",Georgia,GEO,SHA,16,2025
874,sr:competitor:43527,"Kumkhum, Luksika",Thailand,THA,KUM,16,2025
875,sr:competitor:843378,"Perez Alarcon, Lucciana",Peru,PER,PER,16,2025
876,sr:competitor:812476,"Zaytseva, Ksenia",Neutral,,ZAY,16,2025
877,sr:competitor:750329,"Candiotto, Ana",Brazil,BRA,CAN,16,2025
878,sr:competitor:42459,"Rogers, Shelby",USA,USA,ROG,16,2025
879,sr:competitor:280989,"Kawamura, Mana",Japan,JPN,KAW,16,2025
880,sr:competitor:467037,"Kudermetova, Polina",Neutral,,KUD,16,2025
881,sr:competitor:119496,"McPhee, Kaylah",Australia,AUS,MCP,16,2025
882,sr:competitor:103375,"Serban, Raluca Georgiana",Cyprus,CYP,SER,16,2025
883,sr:competitor:153736,"Glushko, Lina",Israel,ISR,GLU,16,2025
884,sr:competitor:42864,"Lizarazo, Yuliana",Colombia,COL,LIZ,16,2025
885,sr:competitor:54171,"Benoit, Marie",Belgium,BEL,BEN,16,2025
886,sr:competitor:801420,"Fontenel, Chelsea",Switzerland,CHE,FON,16,2025
887,sr:competitor:120664,"Pedretti, Thaisa Grana",Brazil,BRA,PED,16,2025
888,sr:competitor:96981,"Xun, Fang Ying",China,CHN,XUN,16,2025
889,sr:competitor:130624,"Gasanova, Anastasia",Neutral,,GAS,16,2025
890,sr:competitor:720625,"Radivojevic, Lola",Serbia,SRB,RAD,16,2025
891,sr:competitor:48455,"Golubic, Viktorija",Switzerland,CHE,GOL,16,2025
892,sr:competitor:153744,"Pereira, Rebeca",Brazil,BRA,PER,16,2025
893,sr:competitor:280635,"Schmidt, Antonia",Germany,DEU,SCH,16,2025
894,sr:competitor:341196,"Back, Dayeon",Republic of Korea,KOR,BAC,16,2025
895,sr:competitor:1020859,"Pawlikowska,  Zuzanna",Poland,POL,PAW,16,2025
896,sr:competitor:99775,"Saigo, Yukina",Japan,JPN,SAI,16,2025
897,sr:competitor:100341,"Bolkvadze, Mariam",Georgia,GEO,BOL,16,2025
898,sr:competitor:1022815,"Akli, Ayana",USA,USA,AKL,16,2025
899,sr:competitor:185412,"Labrana, Fernanda",Chile,CHL,LAB,16,2025
900,sr:competitor:459317,"Nugroho, Priska Madelyn",Indonesia,IDN,NUG,16,2025
901,sr:competitor:206957,"Nagata, Anri",Japan,JPN,NAG,16,2025
902,sr:competitor:47876,"Shinikova, Isabella",Bulgaria,BGR,SHI,16,2025
903,sr:competitor:1008651,"Adams, Julia",USA,USA,ADA,16,2025
904,sr:competitor:192138,"Corley, Paris",USA,USA,COR,16,2025
905,sr:competitor:66516,"Ayukawa, Mana",Japan,JPN,AYU,16,2025
906,sr:competitor:46273,"Dinu, Cristina",Romania,ROU,DIN,16,2025
907,sr:competitor:880229,"Cayetano, Eryn",USA,USA,CAY,16,2025
908,sr:competitor:72634,"Ozeki, Michika",Japan,JPN,OZE,16,2025
909,sr:competitor:873729,"Bojica, Stefania",Romania,ROU,BOJ,16,2025
910,sr:competitor:831284,"Kuramochi, Miho",Japan,JPN,KUR,16,2025
911,sr:competitor:366114,"Avanesyan, Elina",Armenia,ARM,AVA,16,2025
912,sr:competitor:741607,"Simunyu, Celine",Ireland,IRL,SIM,16,2025
913,sr:competitor:192108,"Yastremska, Dayana",Ukraine,UKR,YAS,16,2025
914,sr:competitor:283483,"Kozaki, Funa",Japan,JPN,KOZ,16,2025
915,sr:competitor:80723,"Herazo Gonzalez, Maria Fernanda",Colombia,COL,HER,16,2025
916,sr:competitor:19329,"Radwanska, Urszula",Poland,POL,RAD,16,2025
917,sr:competitor:728549,"Valentova, Tereza",Czechia,CZE,VAL,16,2025
918,sr:competitor:145930,"Hayashi, Erina",Japan,JPN,HAY,16,2025
919,sr:competitor:299258,"Bartone, Kamilla",Latvia,LVA,BAR,16,2025
920,sr:competitor:171354,"Romero, Camila",Ecuador,ECU,ROM,16,2025
921,sr:competitor:133080,"Hinojosa Gomez, Jessica",Mexico,MEX,HIN,16,2025
922,sr:competitor:686597,"Pavlova, Kira",Neutral,,PAV,16,2025
923,sr:competitor:171026,"Tsygourova, Katerina",Switzerland,CHE,TSY,16,2025
924,sr:competitor:45584,"Zhu, Lin",China,CHN,ZHU,16,2025
925,sr:competitor:1027517,"Ebeling Koning, Loes",Netherlands,NLD,EBE,16,2025
926,sr:competitor:182056,"Robbe, Alice",France,FRA,ROB,16,2025
927,sr:competitor:213140,"Lene, Emma",France,FRA,LEN,16,2025
928,sr:competitor:310982,"Naklo, Thasaporn",Thailand,THA,NAK,16,2025
929,sr:competitor:804342,"Stoiber, Ranah Akua",Great Britain,GBR,STO,16,2025
930,sr:competitor:655811,"Avdeeva, Julia",Neutral,,AVD,16,2025
931,sr:competitor:179248,"Yoshioka, Kisa",Japan,JPN,YOS,16,2025
932,sr:competitor:25066,"McHale, Christina",USA,USA,MCH,16,2025
933,sr:competitor:119664,"Smith, Alicia",Australia,AUS,SMI,16,2025
934,sr:competitor:447759,"Katsumi, Nanari",Japan,JPN,KAT,16,2025
935,sr:competitor:499484,"Montgomery, Robin",USA,USA,MON,16,2025
936,sr:competitor:196664,"Shalimova, Ekaterina",Neutral,,SHA,16,2025
937,sr:competitor:858867,"Pace, Francesca",Italy,ITA,PAC,16,2025
938,sr:competitor:90814,"Teichmann, Jil",Switzerland,CHE,TEI,16,2025
939,sr:competitor:273017,"Mandlik, Elizabeth",USA,USA,MAN,16,2025
940,sr:competitor:790640,"Marcinko, Petra",Croatia,HRV,MAR,16,2025
941,sr:competitor:960043,"Zolotareva, Rada",Neutral,,ZOL,16,2025
942,sr:competitor:827440,"Fedorova, Aglaya",Neutral,,FED,16,2025
943,sr:competitor:522258,"Ricci, Beatrice",Italy,ITA,RIC,16,2025
944,sr:competitor:569009,"Ccuno, Romina",Peru,PER,CCU,16,2025
945,sr:competitor:677411,"Barrera Aguirre, Isabella",USA,USA,BAR,16,2025
946,sr:competitor:782216,"Drugdova, Salma",Slovakia,SVK,DRU,16,2025
947,sr:competitor:620340,"Korokozidi, Elena",Greece,GRC,KOR,16,2025
948,sr:competitor:675193,"Costoulas, Sofia",Belgium,BEL,COS,16,2025
949,sr:competitor:476218,"Kawaguchi, Natsumi",Japan,JPN,KAW,16,2025
950,sr:competitor:158690,"Vasilescu, Arina Gabriela",Romania,ROU,VAS,16,2025
951,sr:competitor:565020,"Maklakova, Ekaterina",Neutral,,MAK,16,2025
952,sr:competitor:138330,"Thamchaiwat, Bunyawi",Thailand,THA,THA,16,2025
953,sr:competitor:517296,"Falei, Aliona",Neutral,,FAL,16,2025
954,sr:competitor:627278,"Eala, Alexandra",Philippines,PHL,EAL,16,2025
955,sr:competitor:208181,"Hatouka, Yuliya",Neutral,,HAT,16,2025
956,sr:competitor:217036,"Malygina, Elena",Estonia,EST,MAL,16,2025
957,sr:competitor:58515,"Collins, Danielle",USA,USA,COL,16,2025
958,sr:competitor:264117,"Bolton, Elysia",Australia,AUS,BOL,16,2025
959,sr:competitor:915371,"van Den Broek, Isis Louise",Netherlands,NLD,VAN,16,2025
960,sr:competitor:878645,"Osuigwe, Victoria",USA,USA,OSU,16,2025
961,sr:competitor:340365,"Milovanovic, Elena",Serbia,SRB,MIL,16,2025
962,sr:competitor:389048,"Weckerle, Marie",Luxembourg,LUX,WEC,16,2025
963,sr:competitor:341238,"Boehner, Laura",Germany,DEU,BOE,16,2025
964,sr:competitor:588449,"Laskevich, Evialina",Neutral,,LAS,16,2025
965,sr:competitor:98105,"Matoula, Martha",Greece,GRC,MAT,16,2025
966,sr:competitor:220654,"Sandberg, Vivien",Germany,DEU,SAN,16,2025
967,sr:competitor:202795,"Vismane, Daniela",Latvia,LVA,VIS,16,2025
968,sr:competitor:522848,"Rocchetti, Sofia",Italy,ITA,ROC,16,2025
969,sr:competitor:265743,"Burdina, Evgeniya",Neutral,,BUR,16,2025
970,sr:competitor:595220,"Stakusic, Marina",Canada,CAN,STA,16,2025
971,sr:competitor:431743,"Okutoyi, Angella",Kenya,KEN,OKU,16,2025
972,sr:competitor:221510,"Chiesa, Enola",Italy,ITA,CHI,16,2025
973,sr:competitor:360054,"Allen, Kolie",USA,USA,ALL,16,2025
974,sr:competitor:47969,"Werner, Caroline",Germany,DEU,WER,16,2025
975,sr:competitor:766176,"Di Girolami, Tilwith",Belgium,BEL,DI,16,2025
976,sr:competitor:827398,"Stankovic, Anja",Serbia,SRB,STA,16,2025
977,sr:competitor:71034,"Sramkova, Rebecca",Slovakia,SVK,SRA,16,2025
978,sr:competitor:112957,"Jeanjean, Leolia",France,FRA,JEA,16,2025
979,sr:competitor:157368,"Kazionova, Ekaterina",Neutral,,KAZ,16,2025
980,sr:competitor:568103,"Tran, Demi",Netherlands,NLD,TRA,16,2025
981,sr:competitor:19704,"Martic, Petra",Croatia,HRV,MAR,16,2025
982,sr:competitor:106341,"Knutson, Gabriela",Czechia,CZE,KNU,16,2025
983,sr:competitor:264863,"Novak, Kristina",Slovenia,SVN,NOV,16,2025
984,sr:competitor:51477,"Mitu, Andreea",Romania,ROU,MIT,16,2025
985,sr:competitor:154744,"Lee, Eunhye (2000)",Republic of Korea,KOR,LEE,16,2025
986,sr:competitor:857871,"de Stefano, Samira",Italy,ITA,DE,16,2025
987,sr:competitor:784898,"Giovannini, Luisina",Argentina,ARG,GIO,16,2025
988,sr:competitor:932867,"Firman, Anastasiia",Ukraine,UKR,FIR,16,2025
989,sr:competitor:286451,"Sevcikova, Linda",Czechia,CZE,SEV,16,2025
990,sr:competitor:343160,"Volynets, Katie",USA,USA,VOL,16,2025
991,sr:competitor:784280,"Prozorova, Tatiana",Neutral,,PRO,16,2025
992,sr:competitor:840734,"Walker, Brandy",USA,USA,WAL,16,2025
993,sr:competitor:67743,"Gjorcheska, Lina",North Macedonia,MKD,GJO,16,2025
994,sr:competitor:378226,"Crawley, Fiona",USA,USA,CRA,16,2025
995,sr:competitor:420997,"Bossi, Camilla",Brazil,BRA,BOS,16,2025
996,sr:competitor:511932,"Kovaleva, Anastasia",Neutral,,KOV,16,2025
997,sr:competitor:739667,"Pedone, Giorgia",Italy,ITA,PED,16,2025
998,sr:competitor:71730,"Kulikov, Angela",USA,USA,KUL,16,2025
999,sr:competitor:262701,"Hodzic, Mina",Germany,DEU,HOD,16,2025
